{
  "Total" : {
    "transaction" : "Total",
    "sampleCount" : 20,
    "errorCount" : 0,
    "errorPct" : 0.0,
    "meanResTime" : 5.649999999999999,
    "medianResTime" : 2.0,
    "minResTime" : 1.0,
    "maxResTime" : 40.0,
    "pct1ResTime" : 36.30000000000008,
    "pct2ResTime" : 40.0,
    "pct3ResTime" : 40.0,
    "throughput" : 240.96385542168676,
    "receivedKBytesPerSec" : 41.180346385542165,
    "sentKBytesPerSec" : 28.473268072289155
  },
  "HTTP Request" : {
    "transaction" : "HTTP Request",
    "sampleCount" : 20,
    "errorCount" : 0,
    "errorPct" : 0.0,
    "meanResTime" : 5.649999999999999,
    "medianResTime" : 2.0,
    "minResTime" : 1.0,
    "maxResTime" : 40.0,
    "pct1ResTime" : 36.30000000000008,
    "pct2ResTime" : 40.0,
    "pct3ResTime" : 40.0,
    "throughput" : 240.96385542168676,
    "receivedKBytesPerSec" : 41.180346385542165,
    "sentKBytesPerSec" : 28.473268072289155
  }
}